{"serie_id": ["W1", "W2"], "smape": [7.000684748512934, 6.4076163566364235], "mase": [40.6246115341081, 19.583466315007062]}